"","Year","Total Number of All People","Number of All People Below Poverty","All","Total Number of People Under 18","Number of People Under 18 Below Poverty","Under_18","Total Number of People 18-64","Number of People 18-64 Below Poverty","18_64","Total Number of People Over 65","Number of People Over 65 Below Poverty","Over_65"
"1","2023","331800","36790","11.1","72220","11020","15.3","200400","20000","10","59240","5768","9.6999999999999993"
"2","2022","330100","37920","11.5","71950","10780","15","200200","21240","10.6","57880","5897","10.199999999999999"
"3","2021","328200","37930","11.6","72940","11150","15.3","199100","20980","10.5","56190","5802","10.3"
"4","2020","327600","37550","11.5","73540","11790","16","199800","20910","10.5","54280","4852","8.9"
"5","2019","324800","33980","10.5","72640","10470","14.4","197500","18660","9.4","54640","4858","8.9"
"6","2018","323800","38150","11.8","73280","11870","16.2","197800","21130","10.7","52790","5146","9.6999999999999993"
"7","2017","322500","39560","12.3","73470","12760","17.399999999999999","198000","21910","11.1","51070","4893","9.6"
"8","2017","322500","39700","12.3","73360","12810","17.5","198100","22210","11.2","51080","4681","9.1999999999999993"
"9","2016","319900","40620","12.7","73590","13250","18","197100","22800","11.6","49270","4568","9.3000000000000007"
"10","2015","318500","43120","13.5","73650","14510","19.7","197300","24410","12.4","47550","4201","8.8000000000000007"
"11","2014","315800","46660","14.8","73560","15540","21.1","196300","26530","13.5","45990","4590","10"
"12","2013","313100","46270","14.8","73440","15800","21.5","194700","25900","13.3","44960","4569","10.199999999999999"
"13","2013","313000","45320","14.5","73630","14660","19.899999999999999","194800","26430","13.6","44510","4231","9.5"
"14","2012","310600","46500","15","73720","16070","21.8","193600","26500","13.7","43290","3926","9.1"
"15","2011","308500","46250","15","73740","16130","21.9","193200","26490","13.7","41510","3620","8.6999999999999993"
"16","2010","306100","46340","15.1","73870","16290","22","192500","26500","13.8","39780","3558","8.9"
"17","2009","303800","43570","14.3","74580","15450","20.7","190600","24680","12.9","38610","3433","8.9"
"18","2008","301000","39830","13.2","74070","14070","19","189200","22110","11.7","37790","3656","9.6999999999999993"
"19","2007","298700","37280","12.5","74000","13320","18","187900","20400","10.9","36790","3556","9.6999999999999993"
"20","2006","296500","36460","12.3","73730","12830","17.399999999999999","186700","20240","10.8","36040","3394","9.4"
"21","2005","293100","36950","12.6","73290","12900","17.600000000000001","184300","20450","11.1","35510","3603","10.1"
"22","2004","290600","37040","12.7","73240","13040","17.8","182200","20550","11.3","35210","3453","9.8000000000000007"
"23","2003","287700","35860","12.5","73000","12870","17.600000000000001","180000","19440","10.8","34660","3552","10.199999999999999"
"24","2002","285300","34570","12.1","72700","12130","16.7","178400","18860","10.6","34230","3576","10.4"
"25","2001","281500","32910","11.7","72020","11730","16.3","175700","17760","10.1","33770","3414","10.1"
"26","2000","278900","31580","11.3","71740","11590","16.2","173600","16670","9.6","33570","3323","9.9"
"27","1999","276200","32790","11.9","71690","12280","17.100000000000001","171100","17290","10.1","33380","3222","9.6999999999999993"
"28","1998","271100","34480","12.7","71340","13470","18.899999999999999","167300","17620","10.5","32390","3386","10.5"
"29","1997","268500","35570","13.3","71070","14110","19.899999999999999","165300","18090","10.9","32080","3376","10.5"
"30","1996","266200","36530","13.7","70650","14460","20.5","163700","18640","11.4","31880","3428","10.8"
"31","1995","263700","36430","13.8","70570","14670","20.8","161500","18440","11.4","31660","3318","10.5"
"32","1994","261600","38060","14.5","70020","15290","21.8","160300","19110","11.9","31270","3663","11.7"
"33","1993","259300","39270","15.1","69290","15730","22.7","159200","19780","12.4","30780","3755","12.2"
"34","1992","256500","38010","14.8","68440","15290","22.3","157700","18790","11.9","30430","3928","12.9"
"35","1991","251200","35710","14.2","65920","14340","21.8","154700","17590","11.4","30590","3781","12.4"
"36","1990","248600","33590","13.5","65050","13430","20.6","153500","16500","10.7","30090","3658","12.2"
"37","1989","246000","31530","12.8","64140","12590","19.600000000000001","152300","15580","10.199999999999999","29570","3363","11.4"
"38","1988","243500","31750","13","63750","12460","19.5","150800","15810","10.5","29020","3481","12"
"39","1987","241000","32220","13.4","63290","12840","20.3","149200","15820","10.6","28490","3563","12.5"
"40","1986","238600","32370","13.6","62950","12880","20.5","147600","16020","10.8","27980","3477","12.4"
"41","1985","236600","33060","14","62880","13010","20.7","146400","16600","11.3","27320","3456","12.6"
"42","1984","233800","33700","14.4","62450","13420","21.5","144600","16950","11.7","26820","3330","12.4"
"43","1983","231700","35300","15.2","62330","13910","22.3","143100","17770","12.4","26310","3625","13.8"
"44","1982","229400","34400","15","62350","13650","21.9","141300","17000","12","25740","3751","14.6"
"45","1981","227200","31820","14","62450","12510","20","139500","15460","11.1","25230","3853","15.3"
"46","1980","225000","29270","13","62910","11540","18.3","137400","13860","10.1","24690","3871","15.7"
"47","1979","222900","26070","11.7","63380","10380","16.399999999999999","135300","12010","8.9","24190","3682","15.2"
"48","1978","215700","24500","11.4","62310","9931","15.9","130200","11330","8.6999999999999993","23180","3233","14"
"49","1977","213900","24720","11.6","63140","10290","16.2","128300","11320","8.8000000000000007","22470","3177","14.1"
"50","1976","212300","24980","11.8","64030","10270","16","126200","11390","9","22100","3313","15"
"51","1975","210900","25880","12.3","65080","11100","17.100000000000001","124100","11460","9.1999999999999993","21660","3317","15.3"
"52","1974","209400","23370","11.2","66130","10160","15.4","122100","10130","8.3000000000000007","21130","3085","14.6"
"53","1973","207600","22970","11.1","66960","9642","14.4","120100","9977","8.3000000000000007","20600","3354","16.3"
"54","1972","206000","24460","11.9","67930","10280","15.1","118000","10440","8.8000000000000007","20120","3738","18.600000000000001"
"55","1971","204600","25560","12.5","68820","10550","15.3","115900","10740","9.3000000000000007","19830","4273","21.6"
"56","1970","202200","25420","12.6","69160","10440","15.1","113600","10190","9","19470","4793","24.6"
"57","1969","199500","24150","12.1","69090","9691","14","111500","9669","8.6999999999999993","18900","4787","25.3"
"58","1968","197600","25390","12.8","70390","10950","15.6","108700","9803","9","18560","4632","25"
"59","1967","195700","27770","14.2","70410","11660","16.600000000000001","107000","10730","10","18240","5388","29.5"
"60","1966","193400","28510","14.7","70220","12390","17.600000000000001","105200","11010","10.5","17930","5114","28.5"
"61","1965","191400","33190","17.3","69990","14680","21","N","N","N","N","N","N"
"62","1964","189700","36060","19","69710","16050","23","N","N","N","N","N","N"
"63","1963","187300","36440","19.5","69180","16010","23.1","N","N","N","N","N","N"
"64","1962","184300","38630","21","67720","16960","25","N","N","N","N","N","N"
"65","1961","181300","39630","21.9","66120","16910","25.6","N","N","N","N","N","N"
"66","1960","179500","39850","22.2","65600","17630","26.9","N","N","N","N","N","N"
"67","1959","176600","39490","22.4","64320","17550","27.3","96690","16460","17","15560","5481","35.200000000000003"
"68","2023","249500","24290","9.6999999999999993","50790","6614","13","149900","13620","9.1","48790","4062","8.3000000000000007"
"69","2022","248800","26050","10.5","50650","6849","13.5","150400","14880","9.9","47770","4320","9"
"70","2021","248900","24920","10","51690","6631","12.8","150700","14050","9.3000000000000007","46550","4236","9.1"
"71","2020","249100","25180","10.1","52330","7313","14","151400","14360","9.5","45330","3513","7.8"
"72","2019","248100","22510","9.1","52490","6443","12.3","149800","12540","8.4","45760","3534","7.7"
"73","2018","247600","24950","10.1","52760","7049","13.4","150600","14130","9.4","44310","3762","8.5"
"74","2017","247300","26030","10.5","53100","7796","14.7","151200","14650","9.6999999999999993","43000","3577","8.3000000000000007"
"75","2017","247300","26440","10.7","53020","8041","15.2","151300","15030","9.9","42990","3368","7.8"
"76","2016","246000","27110","11","53320","8324","15.6","151000","15470","10.199999999999999","41620","3322","8"
"77","2015","245500","28570","11.6","53550","9204","17.2","151700","16330","10.8","40250","3037","7.5"
"78","2014","244300","31090","12.7","53640","9602","17.899999999999999","151600","18090","11.9","39050","3400","8.6999999999999993"
"79","2013","243300","31290","12.9","53640","10300","19.2","151200","17630","11.7","38480","3362","8.6999999999999993"
"80","2013","243100","29940","12.3","53850","8808","16.399999999999999","151300","17930","11.8","37910","3197","8.4"
"81","2012","242100","30820","12.7","54070","9979","18.5","151000","17950","11.9","37040","2891","7.8"
"82","2011","241300","30850","12.8","54190","10100","18.600000000000001","151400","18010","11.9","35730","2739","7.7"
"83","2010","240000","31080","13","54490","10090","18.5","151200","18350","12.1","34270","2638","7.7"
"84","2009","242000","29830","12.3","56270","9938","17.7","152400","17390","11.4","33410","2501","7.5"
"85","2008","240500","26990","11.2","56150","8863","15.8","151700","15360","10.1","32710","2771","8.5"
"86","2007","239100","25120","10.5","56420","8395","14.9","150900","14140","9.4","31840","2590","8.1"
"87","2006","237600","24420","10.3","56210","7908","14.1","150100","14040","9.3000000000000007","31270","2473","7.9"
"88","2005","235400","24870","10.6","56080","8085","14.4","148500","14090","9.5","30910","2700","8.6999999999999993"
"89","2004","233700","25330","10.8","56050","8308","14.8","147000","14490","9.9","30710","2534","8.3000000000000007"
"90","2003","231900","24270","10.5","55780","7985","14.3","145800","13620","9.3000000000000007","30300","2666","8.8000000000000007"
"91","2002","230400","23470","10.199999999999999","55700","7549","13.6","144700","13180","9.1","29980","2739","9.1"
"92","2001","229700","22740","9.9","56090","7527","13.4","143800","12560","8.6999999999999993","29790","2656","8.9"
"93","2000","227800","21650","9.5","55980","7307","13.1","142200","11750","8.3000000000000007","29700","2584","8.6999999999999993"
"94","1999","225400","22170","9.8000000000000007","55830","7639","13.7","140000","12090","8.6","29550","2446","8.3000000000000007"
"95","1998","222800","23450","10.5","56020","8443","15.1","138100","12460","9","28760","2555","8.9"
"96","1997","221200","24400","11","55860","8990","16.100000000000001","136800","12840","9.4","28550","2569","9"
"97","1996","219700","24650","11.2","55610","9044","16.3","135600","12940","9.5","28460","2667","9.4"
"98","1995","218000","24420","11.2","55440","8981","16.2","134100","12870","9.6","28440","2572","9"
"99","1994","216500","25380","11.7","55190","9346","16.899999999999999","133300","13190","9.9","27990","2846","10.199999999999999"
"100","1993","214900","26230","12.2","54640","9752","17.8","132700","13540","10.199999999999999","27580","2939","10.7"
"101","1992","213100","25260","11.9","54110","9399","17.399999999999999","131700","12870","9.8000000000000007","27260","2989","11"
"102","1991","210100","23750","11.3","52520","8848","16.8","130300","12100","9.3000000000000007","27300","2802","10.3"
"103","1990","208600","22330","10.7","51930","8232","15.9","129800","11390","8.8000000000000007","26900","2707","10.1"
"104","1989","206900","20790","10","51400","7599","14.8","129000","10650","8.3000000000000007","26480","2539","9.6"
"105","1988","205200","20720","10.1","51200","7435","14.5","128000","10690","8.3000000000000007","26000","2593","10"
"106","1987","203600","21200","10.4","51010","7788","15.3","127000","10700","8.4","25600","2704","10.6"
"107","1986","202300","22180","11","51110","8209","16.100000000000001","126000","11290","9","25170","2689","10.7"
"108","1985","200900","22860","11.4","51030","8253","16.2","125300","11910","9.5","24630","2698","11"
"109","1984","198900","22960","11.5","50810","8472","16.7","123900","11900","9.6","24210","2579","10.7"
"110","1983","197500","23980","12.1","50730","8862","17.5","123000","12350","10","23750","2776","11.7"
"111","1982","195900","23520","12","50920","8678","17","121800","11970","9.8000000000000007","23230","2870","12.4"
"112","1981","194500","21550","11.1","51140","7785","15.2","120600","10790","8.9","22790","2978","13.1"
"113","1980","192900","19700","10.199999999999999","51650","7181","13.9","118900","9478","8","22330","3042","13.6"
"114","1979","191700","17210","9","52260","6193","11.8","117600","8110","6.9","21900","2911","13.3"
"115","1978","186500","16260","8.6999999999999993","51670","5831","11.3","113800","7897","6.9","20950","2530","12.1"
"116","1977","185300","16420","8.9","52560","6097","11.6","112400","7893","7","20320","2426","11.9"
"117","1976","184200","16710","9.1","53430","6189","11.6","110700","7890","7.1","20020","2633","13.2"
"118","1975","183200","17770","9.6999999999999993","54410","6927","12.7","109100","8210","7.5","19650","2634","13.4"
"119","1974","182400","15740","8.6","55590","6223","11.2","107600","7053","6.6","19210","2460","12.8"
"120","1973","181200","15140","8.4","N","N","N","N","N","N","N","2698","14.4"
"121","1972","180100","16200","9","N","N","N","N","N","N","N","3072","16.8"
"122","1971","179400","17780","9.9","N","N","N","N","N","N","N","3605","19.899999999999999"
"123","1970","177400","17480","9.9","N","N","N","N","N","N","N","4011","22.6"
"124","1969","175300","16660","9.5","N","N","N","N","N","N","N","4052","23.3"
"125","1968","173700","17400","10","N","N","N","N","N","N","17060","3939","23.1"
"126","1967","172000","18980","11","N","N","N","N","N","N","16790","4646","27.7"
"127","1966","170200","19290","11.3","N","N","N","N","N","N","16510","4357","26.4"
"128","1965","168700","22500","13.3","N","N","N","N","N","N","N","N","N"
"129","1960","158900","28310","17.8","N","N","N","N","N","N","N","N","N"
"130","1959","157000","28480","18.100000000000001","N","N","N","N","N","N","N","4744","33.1"
"131","2023","192600","14890","7.7","34860","3029","8.6999999999999993","114100","8704","7.6","43690","3154","7.2"
"132","2022","193200","16690","8.6","34930","3371","9.6999999999999993","115300","9805","8.5","42970","3510","8.1999999999999993"
"133","2021","194300","15800","8.1","35900","3162","8.8000000000000007","116600","9289","8","41850","3354","8"
"134","2020","195100","16040","8.1999999999999993","36450","3593","9.9","117800","9677","8.1999999999999993","40860","2768","6.8"
"135","2019","194600","14150","7.3","36390","3030","8.3000000000000007","116800","8321","7.1","41440","2801","6.8"
"136","2018","194800","15730","8.1","36620","3265","8.9","118000","9510","8.1","40220","2951","7.3"
"137","2017","195200","16620","8.5","37120","3793","10.199999999999999","119000","9884","8.3000000000000007","39130","2942","7.5"
"138","2017","195300","16990","8.6999999999999993","37050","4026","10.9","119100","10230","8.6","39130","2737","7"
"139","2016","195200","17260","8.8000000000000007","37490","4050","10.8","119800","10530","8.8000000000000007","37950","2687","7.1"
"140","2015","195500","17790","9.1","37860","4563","12.1","120900","10810","8.9","36680","2411","6.6"
"141","2014","195200","19650","10.1","38060","4679","12.3","121400","12170","10","35730","2801","7.8"
"142","2013","195100","19550","10","38170","5116","13.4","121600","11690","9.6","35320","2745","7.8"
"143","2013","195200","18800","9.6","38400","4094","10.7","122000","12130","9.9","34780","2569","7.4"
"144","2012","195100","18940","9.6999999999999993","38760","4782","12.3","122200","11830","9.6999999999999993","34130","2324","6.8"
"145","2011","195000","19170","9.8000000000000007","38960","4850","12.5","123100","12110","9.8000000000000007","32900","2210","6.7"
"146","2010","194800","19250","9.9","39440","4866","12.3","123700","12230","9.9","31620","2155","6.8"
"147","2009","197200","18530","9.4","40920","4850","11.9","125500","11660","9.3000000000000007","30740","2022","6.6"
"148","2008","196900","17020","8.6","41310","4364","10.6","125500","10380","8.3000000000000007","30150","2280","7.6"
"149","2007","196600","16030","8.1999999999999993","41980","4255","10.1","125200","9598","7.7","29440","2179","7.4"
"150","2006","196000","16010","8.1999999999999993","42210","4208","10","124800","9761","7.8","28990","2044","7"
"151","2005","195600","16230","8.3000000000000007","42520","4254","10","124300","9708","7.8","28700","2264","7.9"
"152","2004","195100","16910","8.6999999999999993","42980","4519","10.5","123500","10240","8.3000000000000007","28640","2153","7.5"
"153","2003","194600","15900","8.1999999999999993","43150","4233","9.8000000000000007","123100","9391","7.6","28340","2277","8"
"154","2002","194100","15570","8","43610","4090","9.4","122500","9157","7.5","28020","2321","8.3000000000000007"
"155","2001","194500","15270","7.8","44100","4194","9.5","122500","8811","7.2","27970","2266","8.1"
"156","2000","193700","14370","7.4","44240","4018","9.1","121500","8130","6.7","27950","2218","7.9"
"157","1999","192600","14740","7.7","44270","4155","9.4","120300","8462","7","27950","2118","7.6"
"158","1998","192800","15800","8.1999999999999993","45360","4822","10.6","120300","8760","7.3","27120","2217","8.1999999999999993"
"159","1997","191900","16490","8.6","45490","5204","11.4","119400","9088","7.6","27000","2200","8.1"
"160","1996","191500","16460","8.6","45610","5072","11.1","118800","9074","7.6","27030","2316","8.6"
"161","1995","191000","16270","8.5","45690","5115","11.2","118200","8908","7.5","27030","2243","8.3000000000000007"
"162","1994","192500","18110","9.4","46670","5823","12.5","119200","9732","8.1999999999999993","26680","2556","9.6"
"163","1993","190800","18880","9.9","46100","6255","13.6","118500","9964","8.4","26270","2663","10.1"
"164","1992","189000","18200","9.6","45590","6017","13.2","117400","9461","8.1","26030","2724","10.5"
"165","1991","189100","17740","9.4","45240","5918","13.1","117700","9244","7.9","26210","2580","9.8000000000000007"
"166","1990","188100","16620","8.8000000000000007","44800","5532","12.3","117500","8619","7.3","25850","2471","9.6"
"167","1989","187000","15600","8.3000000000000007","44490","5110","11.5","117000","8154","7","25500","2335","9.1999999999999993"
"168","1988","186000","15570","8.4","44440","4888","11","116500","8293","7.1","25040","2384","9.5"
"169","1987","184900","16030","8.6999999999999993","44460","5230","11.8","115700","8327","7.2","24750","2472","10"
"170","1986","184100","17240","9.4","44660","5789","13","115200","8963","7.8","24300","2492","10.3"
"171","1985","183500","17840","9.6999999999999993","44750","5745","12.8","115000","9608","8.4","23730","2486","10.5"
"172","1984","182500","18300","10","44890","6156","13.7","114200","9734","8.5","23400","2410","10.3"
"173","1983","181400","19540","10.8","44830","6649","14.8","113600","10280","9.1","22990","2610","11.4"
"174","1982","181900","19360","10.6","45530","6566","14.4","113700","10080","8.9","22660","2714","12"
"175","1981","180900","17990","9.9","45950","5946","12.9","112700","9207","8.1999999999999993","22240","2834","12.7"
"176","1980","179800","16370","9.1","46580","5510","11.8","111500","7990","7.2","21760","2865","13.2"
"177","1979","178800","14420","8.1","46970","4730","10.1","110500","6930","6.3","21340","2759","12.9"
"178","1978","174700","13760","7.9","46820","4506","9.6","107500","6837","6.4","20430","2412","11.8"
"179","1977","173600","13800","8","47690","4714","9.9","106100","6772","6.4","19810","2316","11.7"
"180","1976","173200","14030","8.1","48820","4799","9.8000000000000007","104800","6720","6.4","19570","2506","12.8"
"181","1975","172400","14880","8.6","49670","5342","10.8","103500","7039","6.8","19250","2503","13"
"182","1974","171500","13220","7.7","50760","4820","9.5","101900","6051","5.9","18810","2346","12.5"
"183","2023","50000","8924","17.8","13750","3301","24","29990","4384","14.6","6253","1239","19.8"
"184","2022","49100","8353","17","13540","2929","21.6","29460","4353","14.8","6097","1070","17.5"
"185","2021","48230","9298","19.3","13440","3484","25.9","28940","4776","16.5","5845","1038","17.8"
"186","2020","48260","9311","19.3","13570","3575","26.3","29200","4797","16.399999999999999","5487","939","17.100000000000001"
"187","2019","47260","8836","18.7","13020","3338","25.6","28840","4531","15.7","5394","966","17.899999999999999"
"188","2018","46830","9695","20.7","13220","3773","28.5","28420","4948","17.399999999999999","5180","975","18.8"
"189","2017","46340","10050","21.7","13160","3903","29.7","28230","5216","18.5","4942","930","18.8"
"190","2017","46390","9820","21.2","13190","3731","28.3","28250","5142","18.2","4952","948","19.100000000000001"
"191","2016","45680","9965","21.8","13190","3916","29.7","27830","5186","18.600000000000001","4660","864","18.5"
"192","2015","45230","10800","23.9","13130","4146","31.6","27650","5835","21.1","4447","816","18.399999999999999"
"193","2014","44570","11580","26","12880","4639","36","27440","6137","22.4","4249","805","19"
"194","2013","44150","11160","25.3","13040","4359","33.4","27060","6031","22.3","4054","772","19"
"195","2013","44110","11960","27.1","13100","4838","36.9","26920","6410","23.8","4085","712","17.399999999999999"
"196","2012","43580","11810","27.1","13110","4815","36.700000000000003","26480","6265","23.7","3993","730","18.3"
"197","2011","42650","11730","27.5","12970","4849","37.4","25960","6241","24","3718","640","17.2"
"198","2010","42390","11600","27.4","13020","4923","37.799999999999997","25820","6031","23.4","3555","643","18.100000000000001"
"199","2009","40880","10580","25.9","12660","4480","35.4","24820","5441","21.9","3405","655","19.2"
"200","2008","40100","9882","24.6","12390","4202","33.9","24400","5017","20.6","3305","663","20"
"201","2007","39560","9668","24.4","12380","4178","33.700000000000003","23970","4742","19.8","3215","748","23.3"
"202","2006","39010","9447","24.2","12380","4086","33","23510","4652","19.8","3128","710","22.7"
"203","2005","38550","9517","24.7","12160","4074","33.5","23340","4735","20.3","3053","708","23.2"
"204","2004","38040","9411","24.7","12190","4059","33.299999999999997","22840","4638","20.3","3005","714","23.8"
"205","2003","37500","9108","24.3","12220","4108","33.6","22360","4313","19.3","2933","688","23.5"
"206","2002","37210","8884","23.9","12110","3817","31.5","22170","4376","19.7","2922","691","23.6"
"207","2023","44870","8020","17.899999999999999","11210","2806","25","27650","4016","14.5","6013","1198","19.899999999999999"
"208","2022","44520","7626","17.100000000000001","11170","2491","22.3","27450","4097","14.9","5897","1038","17.600000000000001"
"209","2021","43980","8583","19.5","11190","3056","27.3","27110","4519","16.7","5675","1008","17.8"
"210","2020","43690","8556","19.600000000000001","11170","3086","27.6","27200","4552","16.7","5328","919","17.2"
"211","2019","42970","8073","18.8","10850","2865","26.4","26860","4261","15.9","5257","947","18"
"212","2018","42770","8884","20.8","11080","3273","29.5","26640","4660","17.5","5045","951","18.899999999999999"
"213","2017","42480","9224","21.7","11010","3350","30.4","26650","4960","18.600000000000001","4827","915","19"
"214","2017","42470","8993","21.2","10990","3184","29","26650","4877","18.3","4834","932","19.3"
"215","2016","41960","9234","22","11120","3418","30.8","26290","4963","18.899999999999999","4561","853","18.7"
"216","2015","41630","10020","24.1","11090","3651","32.9","26190","5568","21.3","4343","801","18.399999999999999"
"217","2014","41110","10760","26.2","11020","4090","37.1","25950","5869","22.6","4143","796","19.2"
"218","2013","40500","10190","25.2","11000","3708","33.700000000000003","25560","5742","22.5","3933","736","18.7"
"219","2013","40620","11040","27.2","11090","4244","38.299999999999997","25550","6099","23.9","3975","698","17.600000000000001"
"220","2012","40130","10910","27.2","11080","4201","37.9","25150","6002","23.9","3893","708","18.2"
"221","2011","39610","10930","27.6","11140","4320","38.799999999999997","24830","5980","24.1","3640","630","17.3"
"222","2010","39280","10750","27.4","11170","4355","39","24670","5775","23.4","3443","617","17.899999999999999"
"223","2009","38560","9944","25.8","11280","4033","35.700000000000003","23950","5264","22","3320","647","19.5"
"224","2008","37970","9379","24.7","11170","3878","34.700000000000003","23570","4855","20.6","3229","646","20"
"225","2007","37670","9237","24.5","11300","3904","34.5","23210","4602","19.8","3150","731","23.2"
"226","2006","37310","9048","24.3","11320","3777","33.4","22910","4570","19.899999999999999","3085","701","22.7"
"227","2005","36800","9168","24.9","11140","3841","34.5","22660","4627","20.399999999999999","3007","701","23.3"
"228","2004","36430","9014","24.7","11240","3788","33.700000000000003","22230","4521","20.3","2956","705","23.8"
"229","2003","35990","8781","24.4","11370","3877","34.1","21750","4224","19.399999999999999","2876","680","23.7"
"230","2002","35680","8602","24.1","11280","3645","32.299999999999997","21550","4277","19.899999999999999","2856","680","23.8"
"231","2001","35870","8136","22.7","11560","3492","30.2","21460","4018","18.7","2853","626","21.9"
"232","2000","35430","7982","22.5","11480","3581","31.2","21160","3794","17.899999999999999","2785","607","21.8"
"233","1999","35760","8441","23.6","11490","3813","33.200000000000003","21520","4000","18.600000000000001","2750","628","22.8"
"234","1998","34880","9091","26.1","11320","4151","36.700000000000003","20840","4222","20.3","2723","718","26.4"
"235","1997","34460","9116","26.5","11370","4225","37.200000000000003","20400","4191","20.5","2691","700","26"
"236","1996","34110","9694","28.4","11340","4519","39.9","20160","4515","22.4","2616","661","25.3"
"237","1995","33740","9872","29.3","11370","4761","41.9","19890","4483","22.5","2478","629","25.4"
"238","1994","33350","10200","30.6","11210","4906","43.8","19590","4590","23.4","2557","700","27.4"
"239","1993","32910","10880","33.1","11130","5125","46.1","19270","5049","26.2","2510","702","28"
"240","1992","32410","10830","33.4","10960","5106","46.6","18950","4884","25.8","2504","838","33.5"
"241","1991","31310","10240","32.700000000000003","10350","4755","45.9","18360","4607","25.1","2606","880","33.799999999999997"
"242","1990","30810","9837","31.9","10160","4550","44.8","18100","4427","24.5","2547","860","33.799999999999997"
"243","1989","30330","9302","30.7","10010","4375","43.7","17830","4164","23.3","2487","763","30.7"
"244","1988","29850","9356","31.3","9865","4296","43.5","17550","4275","24.4","2436","785","32.200000000000003"
"245","1987","29360","9520","32.4","9730","4385","45.1","17250","4361","25.3","2387","774","32.4"
"246","1986","28870","8983","31.1","9629","4148","43.1","16910","4113","24.3","2331","722","31"
"247","1985","28490","8926","31.3","9545","4157","43.6","16670","4052","24.3","2273","717","31.5"
"248","1984","28090","9490","33.799999999999997","9480","4413","46.6","16370","4368","26.7","2238","710","31.7"
"249","1983","27680","9882","35.700000000000003","9417","4398","46.7","16070","4694","29.2","2197","791","36"
"250","1982","27220","9697","35.6","9400","4472","47.6","15690","4415","28.1","2124","811","38.200000000000003"
"251","1981","26830","9173","34.200000000000003","9374","4237","45.2","15360","4117","26.8","2102","820","39"
"252","1980","26410","8579","32.5","9368","3961","42.3","14990","3835","25.6","2054","783","38.1"
"253","1979","25940","8050","31","9307","3833","41.2","14600","3478","23.8","2040","740","36.200000000000003"
"254","1978","24960","7625","30.6","9229","3830","41.5","13770","3133","22.7","1954","662","33.9"
"255","1977","24710","7726","31.3","9296","3888","41.8","13480","3137","23.3","1930","701","36.299999999999997"
"256","1976","24400","7595","31.1","9322","3787","40.6","13220","3163","23.9","1852","644","34.799999999999997"
"257","1975","24090","7545","31.3","9421","3925","41.7","12870","2968","23.1","1795","652","36.299999999999997"
"258","1974","23700","7182","30.3","9439","3755","39.799999999999997","12540","2836","22.6","1721","591","34.299999999999997"
"259","1973","23510","7388","31.4","N","N","N","N","N","N","1672","620","37.1"
"260","1972","23140","7710","33.299999999999997","N","N","N","N","N","N","1603","640","39.9"
"261","1971","22780","7396","32.5","N","N","N","N","N","N","1584","623","39.299999999999997"
"262","1970","22520","7548","33.5","N","N","N","N","N","N","1422","683","48"
"263","1969","22010","7095","32.200000000000003","N","N","N","N","N","N","1373","689","50.2"
"264","1968","21940","7616","34.700000000000003","N","N","N","N","N","N","1374","655","47.7"
"265","1967","21590","8486","39.299999999999997","N","N","N","N","N","N","1341","715","53.3"
"266","1966","21210","8867","41.8","N","N","N","N","N","N","1311","722","55.1"
"267","1965","N","N","N","N","N","N","N","N","N","N","711","62.5"
"268","2023","24640","2192","8.9","5735","587","10.199999999999999","15690","1259","8","3219","345","10.7"
"269","2022","24310","2002","8.1999999999999993","5678","441","7.8","15510","1164","7.5","3127","398","12.7"
"270","2021","23450","2112","9","5612","452","8.1","14830","1257","8.5","3011","403","13.4"
"271","2020","22920","1827","8","5565","445","8","14610","1071","7.3","2747","311","11.3"
"272","2019","22440","1588","7.1","5234","329","6.3","14480","1007","7","2724","252","9.3000000000000007"
"273","2018","22050","2166","9.8000000000000007","5158","538","10.4","14350","1334","9.3000000000000007","2539","294","11.6"
"274","2017","21560","2063","9.6","5170","524","10.1","13990","1259","9","2392","280","11.7"
"275","2017","21510","2104","9.8000000000000007","5133","537","10.5","13970","1303","9.3000000000000007","2408","263","10.9"
"276","2016","20760","2062","9.9","4922","495","10.1","13580","1301","9.6","2253","266","11.8"
"277","2015","20040","2234","11.1","4728","539","11.4","13130","1443","11","2176","252","11.6"
"278","2014","19690","2268","11.5","4792","577","12","12830","1390","10.8","2059","301","14.6"
"279","2013","19180","2398","12.5","4900","628","12.8","12390","1457","11.8","1889","312","16.5"
"280","2013","19020","1974","10.4","4740","457","9.6","12370","1258","10.199999999999999","1910","259","13.6"
"281","2012","18170","2072","11.4","4557","570","12.5","11910","1291","10.8","1703","211","12.4"
"282","2011","17810","2189","12.3","4572","607","13.3","11660","1397","12","1581","185","11.7"
"283","2010","17240","2064","12","4308","586","13.6","11410","1265","11.1","1515","214","14.1"
"284","2009","15270","1901","12.4","3996","531","13.3","9898","1154","11.7","1378","216","15.7"
"285","2008","14540","1686","11.6","3717","494","13.3","9507","1031","10.8","1319","162","12.3"
"286","2007","14430","1467","10.199999999999999","3606","431","11.9","9531","892","9.4","1293","144","11.2"
"287","2006","14330","1447","10.1","3573","408","11.4","9553","897","9.4","1205","142","11.8"
"288","2005","13730","1501","10.9","3472","359","10.3","9115","999","11","1144","144","12.6"
"289","2004","13290","1295","9.6999999999999993","3406","329","9.6999999999999993","8780","819","9.3000000000000007","1104","147","13.3"
"290","2003","12890","1527","11.8","3316","420","12.7","8510","956","11.2","1065","152","14.2"
"291","2002","12490","1243","10","3199","353","11","8292","804","9.6999999999999993","995","86","8.6999999999999993"
"292","2023","21820","1975","9.1","4275","494","11.6","14410","1137","7.9","3132","344","11"
"293","2022","21590","1866","8.6","4267","377","8.8000000000000007","14290","1097","7.7","3034","392","12.9"
"294","2021","20680","1922","9.3000000000000007","4199","371","8.8000000000000007","13580","1167","8.6","2900","385","13.3"
"295","2020","20350","1645","8.1","4284","358","8.4","13420","985","7.3","2646","302","11.4"
"296","2019","19930","1464","7.3","3916","286","7.3","13370","932","7","2638","246","9.3000000000000007"
"297","2018","19770","1996","10.1","3998","453","11.3","13290","1254","9.4","2479","289","11.7"
"298","2017","19530","1891","9.6999999999999993","4058","420","10.4","13120","1193","9.1","2348","277","11.8"
"299","2017","19480","1953","10","4019","455","11.3","13100","1244","9.5","2358","255","10.8"
"300","2016","18880","1908","10.1","3875","430","11.1","12800","1217","9.5","2209","261","11.8"
"301","2015","18240","2078","11.4","3786","466","12.3","12330","1360","11","2130","252","11.8"
"302","2014","17790","2137","12","3750","524","14","12010","1314","10.9","2029","299","14.7"
"303","2013","17260","2255","13.1","3766","555","14.7","11650","1393","12","1845","307","16.7"
"304","2013","17060","1785","10.5","3651","367","10.1","11530","1162","10.1","1881","256","13.6"
"305","2012","16420","1921","11.7","3596","497","13.8","11150","1220","10.9","1669","205","12.3"
"306","2011","16090","1973","12.3","3657","494","13.5","10870","1297","11.9","1555","182","11.7"
"307","2010","15610","1899","12.2","3431","494","14.4","10700","1191","11.1","1484","214","14.4"
"308","2009","14010","1746","12.5","3311","463","14","9344","1069","11.4","1350","213","15.8"
"309","2008","13310","1576","11.8","3052","446","14.6","8961","974","10.9","1296","157","12.1"
"310","2007","13260","1349","10.199999999999999","2980","374","12.5","9012","832","9.1999999999999993","1265","143","11.3"
"311","2006","13180","1353","10.3","2956","360","12.2","9039","851","9.4","1182","142","12"
"312","2005","12580","1402","11.1","2871","317","11.1","8591","941","11","1118","143","12.8"
"313","2004","12230","1201","9.8000000000000007","2854","281","9.9","8294","774","9.3000000000000007","1083","146","13.5"
"314","2003","11860","1401","11.8","2759","344","12.5","8044","907","11.3","1052","151","14.3"
"315","2002","11540","1161","10.1","2683","315","11.7","7881","764","9.6999999999999993","977","82","8.4"
"316","2001","12470","1275","10.199999999999999","3215","369","11.5","8352","814","9.6999999999999993","899","92","10.199999999999999"
"317","2000","12670","1258","9.9","3294","420","12.7","8500","756","8.9","878","82","9.3000000000000007"
"318","1999","11960","1285","10.7","3212","381","11.9","7879","807","10.199999999999999","864","96","11.1"
"319","1998","10870","1360","12.5","3137","564","18","6951","698","10","785","97","12.4"
"320","1997","10480","1468","14","3096","628","20.3","6680","753","11.3","705","87","12.3"
"321","1996","10050","1454","14.5","2924","571","19.5","6484","821","12.7","647","63","9.6999999999999993"
"322","1995","9644","1411","14.6","2900","564","19.5","6123","757","12.4","622","89","14.3"
"323","1994","6654","974","14.6","1739","318","18.3","4401","589","13.4","513","67","13"
"324","1993","7434","1134","15.3","2061","375","18.2","4871","680","14","503","79","15.6"
"325","1992","7779","985","12.7","2218","363","16.399999999999999","5067","568","11.2","494","53","10.8"
"326","1991","7192","996","13.8","2056","360","17.5","4582","565","12.3","555","70","12.7"
"327","1990","7014","858","12.2","2126","374","17.600000000000001","4375","422","9.6","514","62","12.1"
"328","1989","6673","939","14.1","1983","392","19.8","4225","512","12.1","465","34","7.4"
"329","1988","6447","1117","17.3","1970","474","24.1","4035","583","14.4","442","60","13.5"
"330","1987","6322","1021","16.100000000000001","1937","455","23.5","4010","510","12.7","375","56","15"
"331","2023","7074","1338","18.899999999999999","1974","505","25.6","4231","714","16.899999999999999","869","119","13.7"
"332","2022","7099","1423","20","2068","551","26.6","4224","770","18.2","808","102","12.6"
"333","2021","7066","1550","21.9","2148","570","26.6","4111","847","20.6","807","133","16.5"
"334","2020","6758","1111","16.399999999999999","1976","411","20.8","4079","615","15.1","703","85","12.1"
"335","2019","6541","1062","16.2","1896","343","18.100000000000001","3926","611","15.6","719","107","14.9"
"336","2018","6816","1335","19.600000000000001","2023","497","24.6","4072","721","17.7","721","117","16.2"
"337","2017","6914","1401","20.3","2016","549","27.2","4193","743","17.7","706","110","15.6"
"338","2017","6914","1356","19.600000000000001","2002","521","26","4210","730","17.3","702","105","14.9"
"339","2016","6836","1387","20.3","2067","518","25.1","4090","757","18.5","679","113","16.600000000000001"
"340","2015","7111","1507","21.2","2194","620","28.3","4281","790","18.5","636","97","15.3"
"341","2014","6679","1526","22.8","2138","620","29","3937","823","20.9","604","83","13.7"
"342","2013","5831","1372","23.5","1793","525","29.3","3518","727","20.7","519","121","23.2"
"343","2013","6368","1490","23.4","1971","599","30.4","3841","821","21.4","556","69","12.5"
"344","2012","6284","1759","28","1924","712","37","3831","961","25.1","529","86","16.3"
"345","2011","6224","1515","24.3","1967","615","31.3","3808","845","22.2","450","55","12.2"
"346","2010","6073","1552","25.6","2023","690","34.1","3617","793","21.9","434","69","15.9"
"347","2009","5244","1218","23.2","1637","505","30.9","3198","659","20.6","409","53","12.9"
"348","2008","5471","1211","22.1","1747","491","28.1","3281","652","19.899999999999999","443","67","15.2"
"349","2007","5292","1076","20.3","1566","357","22.8","3286","635","19.3","440","84","19"
"350","2006","5133","1148","22.4","1538","446","29","3173","632","19.899999999999999","422","71","16.8"
"351","2005","5233","1093","20.9","1603","404","25.2","3230","637","19.7","401","53","13.2"
"352","2004","5269","1027","19.5","1560","371","23.8","3319","597","18","391","59","15"
"353","2003","5061","940","18.600000000000001","1625","384","23.6","3087","508","16.399999999999999","349","48","13.8"
"354","2002","4844","952","19.600000000000001","1615","405","25.1","2907","482","16.600000000000001","321","64","20"
"355","2023","4021","851","21.2","1054","304","28.8","2486","456","18.3","481","91","18.899999999999999"
"356","2022","3983","995","25","1041","387","37.1","2509","544","21.7","433","65","14.9"
"357","2021","4109","998","24.3","1154","341","29.6","2539","574","22.6","415","82","19.7"
"358","2020","3950","791","20","1098","278","25.4","2466","454","18.399999999999999","386","59","15.3"
"359","2019","3735","677","18.100000000000001","1036","223","21.5","2301","369","16.100000000000001","398","85","21.3"
"360","2018","3663","808","22.1","986","278","28.2","2325","465","20","351","66","18.7"
"361","2017","3616","790","21.8","959","278","29","2323","455","19.600000000000001","335","57","17.100000000000001"
"362","2017","3619","750","20.7","948","253","26.7","2335","438","18.8","336","58","17.3"
"363","2016","3701","811","21.9","1042","265","25.5","2326","475","20.399999999999999","333","71","21.2"
"364","2015","4269","995","23.3","1298","399","30.8","2649","536","20.3","323","59","18.399999999999999"
"365","2014","3808","1013","26.6","1175","415","35.299999999999997","2317","540","23.3","315","58","18.3"
"366","2013","3074","837","27.2","958","295","30.8","1868","468","25","249","75","30"
"367","2013","3344","914","27.3","964","337","34.9","2114","549","25.9","266","29","10.7"
"368","2012","3459","1184","34.200000000000003","1048","473","45.1","2135","651","30.5","276","60","21.7"
"369","2011","3210","917","28.6","943","360","38.200000000000003","2060","530","25.7","207","27","13"
"370","2010","3076","886","28.8","938","367","39.1","1964","492","25","174","28","15.9"
"371","2009","2671","732","27.4","813","286","35.1","1689","413","24.4","169","34","20"
"372","2008","2845","770","27.1","887","328","37","1770","408","23.1","188","34","18"
"373","2007","2742","649","23.7","790","207","26.2","1743","393","22.6","209","49","23.3"
"374","2006","2536","744","29.3","734","285","38.799999999999997","1637","413","25.2","166","47","28.2"
"375","2005","2238","603","26.9","675","219","32.5","1426","357","25.1","137","26","18.899999999999999"
"376","2004","2319","584","25.2","685","207","30.2","1478","350","23.7","156","28","17.8"
"377","2003","2240","532","23.8","725","218","30","1385","290","20.9","131","25","19.100000000000001"
"378","2002","2273","547","24.1","764","250","32.799999999999997","1385","268","19.3","125","29","23.6"
"379","2001","3463","757","21.9","1161","344","29.6","2075","374","18","227","40","17.399999999999999"
"380","2000","3001","696","23.2","988","279","28.2","1813","367","20.2","199","50","25.1"
"381","1999","3135","897","28.6","1152","448","38.9","1774","397","22.4","210","52","24.7"
"382","1998","2472","571","23.1","867","308","35.5","1478","247","16.7","127","16","12.7"
"383","1997","2340","594","25.4","741","270","36.4","1466","303","20.7","133","21","15.7"
"384","1996","2399","731","30.5","782","330","42.2","1466","364","24.9","150","37","24.5"
"385","1995","2321","718","31","853","358","42","1344","331","24.6","124","29","23.3"
"386","1994","1482","392","26.4","448","165","36.9","940","209","22.2","95","18","18.600000000000001"
"387","1993","1690","399","23.6","514","172","33.5","1064","208","19.600000000000001","111","19","17.3"
"388","1992","2054","600","29.2","648","245","37.799999999999997","1275","319","25","130","36","27.9"
"389","1991","1793","562","31.3","670","292","43.5","1015","245","24.1","108","26","23.7"
"390","1990","1560","444","28.5","563","211","37.4","892","210","23.5","104","23","22.1"
"391","1989","1445","345","23.9","507","161","31.8","839","160","19","100","24","24.2"
"392","1988","1454","440","30.2","500","198","39.5","843","210","24.9","110","32","28.7"
"393","1987","1345","387","28.8","488","178","36.6","747","185","24.8","110","23","21.3"
"394","2023","10250","1478","14.4","4607","744","16.100000000000001","4984","667","13.4","663","67","10.199999999999999"
"395","2022","9674","1180","12.2","4501","611","13.6","4564","496","10.9","609","73","12"
"396","2021","9166","1298","14.2","4349","673","15.5","4230","541","12.8","587","83","14.2"
"397","2020","9220","1209","13.1","4293","690","16.100000000000001","4424","471","10.6","503","48","9.6"
"398","2019","8920","1135","12.7","4084","595","14.6","4330","501","11.6","506","38","7.6"
"399","2018","8793","1381","15.7","4126","763","18.5","4159","552","13.3","508","65","12.8"
"400","2017","8423","1441","17.100000000000001","3981","835","21","3975","546","13.7","467","60","12.9"
"401","2017","8475","1408","16.600000000000001","4011","808","20.2","3995","541","13.5","469","59","12.7"
"402","2016","8094","1312","16.2","3879","736","19","3764","521","13.8","451","55","12.3"
"403","2015","7622","1323","17.399999999999999","3658","736","20.100000000000001","3556","543","15.3","408","44","10.8"
"404","2014","7473","1352","18.100000000000001","3580","748","20.9","3521","573","16.3","372","32","8.6"
"405","2013","7739","1562","20.2","3775","900","23.9","3564","584","16.399999999999999","400","78","19.5"
"406","2013","7731","1450","18.8","3789","832","22","3550","569","16","392","49","12.4"
"407","2012","7349","1462","19.899999999999999","3598","843","23.4","3404","571","16.8","347","48","13.8"
"408","2011","7166","1443","20.100000000000001","3482","806","23.1","3361","601","17.899999999999999","323","36","11.1"
"409","2010","7172","1507","21","3534","888","25.1","3285","560","17","353","59","16.8"
"410","2009","5715","1168","20.399999999999999","2700","683","25.3","2699","456","16.899999999999999","316","29","9.1"
"411","2008","5502","941","17.100000000000001","2570","488","19","2625","409","15.6","307","44","14.3"
"412","2007","5172","845","16.3","2321","423","18.2","2567","383","14.9","284","40","13.9"
"413","2006","5103","811","15.9","2333","465","19.899999999999999","2475","316","12.8","295","30","10.199999999999999"
"414","2005","5472","839","15.3","2395","421","17.600000000000001","2773","390","14.1","305","29","9.4"
"415","2004","5298","847","16","2272","436","19.2","2752","374","13.6","274","37","13.4"
"416","2003","5053","771","15.2","2192","414","18.899999999999999","2609","330","12.7","252","26","10.4"
"417","2002","4670","686","14.7","2085","339","16.3","2346","308","13.1","238","39","16.399999999999999"
"418","2023","65400","10890","16.600000000000001","19000","4279","22.5","40670","5618","13.8","5738","990","17.3"
"419","2022","63790","10780","16.899999999999999","18680","4057","21.7","39680","5804","14.6","5426","915","16.899999999999999"
"420","2021","62480","10690","17.100000000000001","18650","4168","22.4","38620","5547","14.4","5213","975","18.7"
"421","2020","61770","10520","17","18770","4338","23.1","38090","5369","14.1","4906","813","16.600000000000001"
"422","2019","60600","9545","15.7","18610","3888","20.9","37210","4836","13","4787","821","17.100000000000001"
"423","2018","59960","10530","17.600000000000001","18740","4436","23.7","36670","5205","14.2","4544","884","19.5"
"424","2017","59050","10820","18.3","18600","4643","25","36140","5446","15.1","4320","726","16.8"
"425","2017","59050","10790","18.3","18580","4639","25","36160","5415","15","4322","736","17"
"426","2016","57560","11140","19.399999999999999","18390","4890","26.6","35110","5542","15.8","4057","706","17.399999999999999"
"427","2015","56780","12130","21.4","18230","5269","28.9","34690","6188","17.8","3863","676","17.5"
"428","2014","55500","13100","23.6","18000","5745","31.9","33870","6701","19.8","3636","658","18.100000000000001"
"429","2013","54180","13360","24.7","17900","5907","33","32840","6746","20.5","3443","704","20.399999999999999"
"430","2013","54150","12740","23.5","17840","5415","30.4","32900","6654","20.2","3405","676","19.8"
"431","2012","53110","13620","25.6","17660","5976","33.799999999999997","32230","6977","21.6","3213","663","20.6"
"432","2011","52280","13240","25.3","17600","6008","34.1","31640","6667","21.1","3036","569","18.7"
"433","2010","50970","13520","26.5","17370","6059","34.9","30740","6948","22.6","2860","516","18"
"434","2009","48810","12350","25.3","16970","5610","33.1","29030","6224","21.4","2815","516","18.3"
"435","2008","47400","10990","23.2","16370","5010","30.6","28310","5452","19.3","2717","525","19.3"
"436","2007","45930","9890","21.5","15650","4482","28.6","27730","4970","17.899999999999999","2555","438","17.100000000000001"
"437","2006","44780","9243","20.6","15150","4072","26.9","27210","4698","17.3","2428","472","19.399999999999999"
"438","2005","43020","9368","21.8","14650","4143","28.3","26050","4765","18.3","2315","460","19.899999999999999"
"439","2004","41690","9122","21.9","14170","4098","28.9","25320","4620","18.2","2194","403","18.399999999999999"
"440","2003","40300","9051","22.5","13730","4077","29.7","24490","4568","18.7","2080","406","19.5"
"441","2002","39220","8555","21.8","13210","3782","28.6","23950","4334","18.100000000000001","2053","439","21.4"
"442","2001","37310","7997","21.4","12760","3570","28","22650","4014","17.7","1896","413","21.8"
"443","2000","35960","7747","21.5","12400","3522","28.4","21730","3844","17.7","1822","381","20.9"
"444","1999","34630","7876","22.7","12190","3693","30.3","20780","3843","18.5","1661","340","20.5"
"445","1998","31520","8070","25.6","11150","3837","34.4","18670","3877","20.8","1696","356","21"
"446","1997","30640","8308","27.1","10800","3972","36.799999999999997","18220","3951","21.7","1617","384","23.8"
"447","1996","29610","8697","29.4","10510","4237","40.299999999999997","17590","4089","23.3","1516","370","24.4"
"448","1995","28340","8574","30.3","10210","4080","40","16670","4153","24.9","1458","342","23.5"
"449","1994","27440","8416","30.7","9822","4075","41.5","16190","4018","24.8","1428","323","22.6"
"450","1993","26560","8126","30.6","9462","3873","40.9","15710","3956","25.2","1390","297","21.4"
"451","1992","25650","7592","29.6","9081","3637","40","15270","3668","24","1298","287","22.1"
"452","1991","22070","6339","28.7","7648","3094","40.4","13280","3008","22.7","1143","237","20.8"
"453","1990","21410","6006","28.1","7457","2865","38.4","12860","2896","22.5","1091","245","22.5"
"454","1989","20750","5430","26.2","7186","2603","36.200000000000003","12540","2616","20.9","1024","211","20.6"
"455","1988","20060","5357","26.7","7003","2631","37.6","12060","2501","20.7","1005","225","22.4"
"456","1987","19400","5422","28","6792","2670","39.299999999999997","11720","2509","21.4","885","243","27.5"
"457","1986","18760","5117","27.3","6646","2507","37.700000000000003","11210","2406","21.5","906","204","22.5"
"458","1985","18080","5236","29","6475","2606","40.299999999999997","10690","2411","22.6","915","219","23.9"
"459","1984","16920","4806","28.4","6068","2376","39.200000000000003","10030","2254","22.5","819","176","21.5"
"460","1983","16540","4633","28","6066","2312","38.1","9697","2148","22.5","782","173","22.1"
"461","1982","14390","4301","29.9","5527","2181","39.5","8262","1963","23.8","596","159","26.6"
"462","1981","14020","3713","26.5","5369","1925","35.9","8084","1642","20.3","568","146","25.7"
"463","1980","13600","3491","25.7","5276","1749","33.200000000000003","7740","1563","20.2","582","179","30.8"
"464","1979","13370","2921","21.8","5483","1535","28","7314","1232","16.8","574","154","26.8"
"465","1978","12080","2607","21.6","5012","1384","27.6","6527","1098","16.8","539","125","23.2"
"466","1977","12050","2700","22.4","5028","1422","28.3","6500","1164","17.899999999999999","518","113","21.9"
"467","1976","11270","2783","24.7","4771","1443","30.2","6034","1212","20.100000000000001","464","128","27.7"
"468","1975","11120","2991","26.9","N","N","N","N","N","N","N","137","32.6"
"469","1974","11200","2575","23","N","N","N","N","N","N","N","117","28.9"
"470","1973","10800","2366","21.9","N","N","N","N","N","N","N","95","24.9"
